category,link,company
full stack developer,https://glints.com/id/opportunities/jobs/full-stack-developer/a5679af8-fce5-466a-8970-b79ed28a1110?traceInfo=7f7495d8c2c3c06d4dbb2f38b27b8571,Orderfaz
full stack developer,https://glints.com/id/opportunities/jobs/full-stack-developer/5e92017b-11cf-4f7d-a135-e95078a3e56c?traceInfo=7f7495d8c2c3c06d4dbb2f38b27b8571,PT Global Dispomedika
full stack developer,https://glints.com/id/opportunities/jobs/full-stack-programmer/af533150-e7e8-4c94-a6f7-e95e5cfc0106?traceInfo=a5de54e0-ffc4-4dbe-b823-032cb956b3e6,Pt.maxima Global Teknologi
full stack developer,https://glints.com/id/opportunities/jobs/full-stack-developer/3c8f1e41-9bd7-4b9b-abec-7251fc9c0878?traceInfo=7f7495d8c2c3c06d4dbb2f38b27b8571,PT Digital Mind System
full stack developer,https://glints.com/id/opportunities/jobs/full-stack-developer/ce2d0e86-91e9-4208-8a77-6e3f1129e2df?traceInfo=7f7495d8c2c3c06d4dbb2f38b27b8571,Pt Dipa Pharmalab Intersains
web developer,https://glints.com/id/opportunities/jobs/web-developer/20382ba7-dea9-4472-bd3e-52399c6d3815?traceInfo=cca02b5837ada467cf565f282e4072bb,Prestisa
web developer,https://glints.com/id/opportunities/jobs/web-developer/a31d990c-26f2-4baf-9bca-ebf9c5217a0c?traceInfo=cca02b5837ada467cf565f282e4072bb,PT Qtasnim Digital Teknologi
web developer,https://glints.com/id/opportunities/jobs/web-developer/b975f380-46f0-430b-aa71-e252e893defb?traceInfo=cca02b5837ada467cf565f282e4072bb,PT Adi Pragata Logistik
web developer,https://glints.com/id/opportunities/jobs/web-developer/4e5815f5-1215-4140-8b40-34a57e975722?traceInfo=cca02b5837ada467cf565f282e4072bb,Pt.maxima Global Teknologi
web developer,https://glints.com/id/opportunities/jobs/web-developer/d7389a52-7e44-4581-8ac9-8e6caf75f85c?traceInfo=cca02b5837ada467cf565f282e4072bb,PT SCBD (Arthaskyline)
ui ux designer,https://glints.com/id/opportunities/jobs/ui-ux-designer/9b18a9f1-4dbd-4bae-8c53-cfd0d4e49c2a?traceInfo=bb0dd9b9e39adc9c21a78c55b5f82652,PT Qualita Indonesia
ui ux designer,https://glints.com/id/opportunities/jobs/ui-ux-designer/f115094b-e6a9-4644-a9ab-ba18bafc59a5?traceInfo=bb0dd9b9e39adc9c21a78c55b5f82652,SIMIAN Group
ui ux designer,https://glints.com/id/opportunities/jobs/ui-ux-designer/6d0258ec-e9c0-41c1-a804-e4b41d4c311d?traceInfo=bb0dd9b9e39adc9c21a78c55b5f82652,PT. Medeva Multi Talenta
ui ux designer,https://glints.com/id/opportunities/jobs/ui-ux-designer/b958b432-b78d-49b7-ad4d-8c75bf976a3d?traceInfo=bb0dd9b9e39adc9c21a78c55b5f82652,PT Tonjoo Gagas Teknologi
ui ux designer,https://glints.com/id/opportunities/jobs/ui-ux-designer/9efffd4d-e0ea-4802-8170-095a9cd6cbe0?traceInfo=bb0dd9b9e39adc9c21a78c55b5f82652,PT SISTEM INTEGRASI MEDIKA ( SISMEDIKA )
data analyst,https://glints.com/id/opportunities/jobs/data-analyst/320fd238-f13f-4c86-a90c-51a1a477c81f?traceInfo=6c979c6aa28ecaa52a5993c89d3dc414,Rey.id
data analyst,https://glints.com/id/opportunities/jobs/data-analyst/c814c1f0-b118-4473-bfeb-7ec537027e2f?traceInfo=6c979c6aa28ecaa52a5993c89d3dc414,Pura Pura Ponsel
data analyst,https://glints.com/id/opportunities/jobs/data-analyst/3f7f72bf-8567-488d-b88a-949439f93916?traceInfo=6c979c6aa28ecaa52a5993c89d3dc414,PT Kasir Pintar Internasional
data analyst,https://glints.com/id/opportunities/jobs/data-analyst/3b70db78-6573-46f3-aafb-bb41a3b8ee2c?traceInfo=6c979c6aa28ecaa52a5993c89d3dc414,Celerates
data analyst,https://glints.com/id/opportunities/jobs/data-analyst/5c1b0b66-d65d-40d4-a645-0f6e0f2a2a4a?traceInfo=6c979c6aa28ecaa52a5993c89d3dc414,Pt Datasintesa Teknologi Nusantara
web programmer,https://glints.com/id/opportunities/jobs/web-programmer/5a947dc7-43e9-42e0-809f-3c1d6be01642?traceInfo=e483d1edb1209f32729509b6c23e70ea,PT Mulya Kencana Metalindo
web programmer,https://glints.com/id/opportunities/jobs/web-programmer/5acc1483-ff2e-4871-80d5-adc06a4f997d?traceInfo=e483d1edb1209f32729509b6c23e70ea,GF Culinary
web programmer,https://glints.com/id/opportunities/jobs/web-programmer-golang/2a1aa0fb-700c-4b54-a20d-a84a6e3340b6?traceInfo=e483d1edb1209f32729509b6c23e70ea,VENTURO | Professional Programmer
web programmer,https://glints.com/id/opportunities/jobs/web-programmer-jr-mid/2df60e86-48cd-4209-a78d-1f88ad62100c?traceInfo=e483d1edb1209f32729509b6c23e70ea,Medify
web programmer,https://glints.com/id/opportunities/jobs/web-programmer-grit/b8b12e16-c333-41e2-a45f-14d151ec8434?traceInfo=e483d1edb1209f32729509b6c23e70ea,PT Inova Medika Solusindo
desktop programmer,https://glints.com/id/opportunities/jobs/desktop-programmer/874a67f5-f968-4d86-9e17-b249e6062b86?traceInfo=32fbe7302b24f41f93f0304c7d57e8e5,Software Gallery
desktop programmer,https://glints.com/id/opportunities/jobs/desktop-programmer/b02bb8e3-8ea3-4faf-8b5f-bdc5dcef9bc8?traceInfo=32fbe7302b24f41f93f0304c7d57e8e5,PT Qtasnim Digital Teknologi
desktop programmer,https://glints.com/id/opportunities/jobs/desktop-engineer/f74a3e99-75fc-457b-8354-98aecbc4558a?traceInfo=32fbe7302b24f41f93f0304c7d57e8e5,RUN System (PT Global Sukses Solusi)
desktop programmer,https://glints.com/id/opportunities/jobs/desktop-designer/9cbf6d77-cbc2-437a-981f-168180b25805?traceInfo=32fbe7302b24f41f93f0304c7d57e8e5,PT Surya Warna Arthagraphia
desktop programmer,https://glints.com/id/opportunities/jobs/programmer/5e18b7cc-cb16-43bc-8d1c-336cc14b2195?traceInfo=32fbe7302b24f41f93f0304c7d57e8e5,Merry Riana Group
dev ops,https://glints.com/id/opportunities/jobs/dev-ops-engineer/848e222b-4e9e-411f-b7c1-52051ca4cbd8?traceInfo=288547ccb1ff8b235e4c27e851b3caad,Mamikos
dev ops,https://glints.com/id/opportunities/jobs/it-dev-ops/37db7b1d-630f-44b6-af77-54c737b069bb?traceInfo=288547ccb1ff8b235e4c27e851b3caad,PT Brilliann Nuswantara Bhagawanta
dev ops,https://glints.com/id/opportunities/jobs/operasional-ops/f924b993-ed00-40db-ad8e-3e3a722c0b60?traceInfo=288547ccb1ff8b235e4c27e851b3caad,ATT Group Bali
qa,https://glints.com/id/opportunities/jobs/qa-tester/d9588ea0-4ece-43ce-844a-2e2226a6f32e?traceInfo=47e0592e60b992a2f2dda22c5247f36f,ASYX Indonesia
qa,https://glints.com/id/opportunities/jobs/qa-qc/9ec525d4-e4e6-4019-9bd9-9732b4ac6243?traceInfo=47e0592e60b992a2f2dda22c5247f36f,Ibunda.id
qa,https://glints.com/id/opportunities/jobs/admin-qa/4d88d519-bc0e-445e-8b44-75418dbde923?traceInfo=47e0592e60b992a2f2dda22c5247f36f,PT SATYA PRANATA JAYA
marketing,https://glints.com/id/opportunities/jobs/sales-marketing/f6b2b422-6972-4f5b-8545-c919b1ead7c3?traceInfo=3daa9ee30eaae6108baa94130861398b,Alexandria Islamic Boarding School
marketing,https://glints.com/id/opportunities/jobs/marketing-communications/561d103b-43d5-4c16-8614-6438a9d74f9e?traceInfo=3daa9ee30eaae6108baa94130861398b,OneKlinik
marketing,https://glints.com/id/opportunities/jobs/marketing-eksekutif/d61bd7f7-3b24-4b36-9cf4-3dd3de8ec7bc?traceInfo=3daa9ee30eaae6108baa94130861398b,PT Eufrat Med
marketing,https://glints.com/id/opportunities/jobs/marketing-komunikasi-internship/a305331f-5217-4314-b1b5-4a438517b827?traceInfo=3daa9ee30eaae6108baa94130861398b,Ever Present Moira
marketing,https://glints.com/id/opportunities/jobs/marketing/b75be82d-cecb-4954-8c8b-b940a8aec01d?traceInfo=3daa9ee30eaae6108baa94130861398b,Cekstuff
backend developer,https://glints.com/id/opportunities/jobs/backend/d578a0fb-99da-489f-8f7a-58c5927be8e0?traceInfo=e084fe20dbd23825d09e89a85305aadf,Kecilin
backend developer,https://glints.com/id/opportunities/jobs/backend-programmer/b9697682-3b21-4648-ac62-460ee28cec4b?traceInfo=e084fe20dbd23825d09e89a85305aadf,â€ªIhsan Solusi
backend developer,https://glints.com/id/opportunities/jobs/backend-developer/9e9c2470-13ca-4d40-84f6-de0359620425?traceInfo=e084fe20dbd23825d09e89a85305aadf,PT. Maha Akbar Sejahtera
frontend developer,https://glints.com/id/opportunities/jobs/front-end-developer/0abe3278-35a0-4009-b730-4b66edb4fe27?traceInfo=16c6023ef4c91a6ccf715dee07f6cdf5,Permana Solution
frontend developer,https://glints.com/id/opportunities/jobs/front-end-developer/47da0118-6a6a-4f90-9cbc-1ed7be0215d2?traceInfo=16c6023ef4c91a6ccf715dee07f6cdf5,Orderfaz
frontend developer,https://glints.com/id/opportunities/jobs/front-end-developer/286acb06-e64b-4c3e-a90a-7e53166d2a0f?traceInfo=16c6023ef4c91a6ccf715dee07f6cdf5,ADW Consulting
admin,https://glints.com/id/opportunities/jobs/admin/d99d21cf-cd53-4c25-9ea4-6b9fc1c3c66b?traceInfo=882b3bd767170eb8c927459309150810,Mahakarya Cinta Indonesia
admin,https://glints.com/id/opportunities/jobs/admin/10a8e957-32b9-4c18-b293-8f013d19b1b8?traceInfo=882b3bd767170eb8c927459309150810,Tresor Alley
admin,https://glints.com/id/opportunities/jobs/admin/a5d642db-f8d1-4e4d-9ba9-2fec8cd5202f?traceInfo=882b3bd767170eb8c927459309150810,PT Mitra Mulia Manunggal
data engineer,https://glints.com/id/opportunities/jobs/data-engineer/e450739d-9a67-40ec-bec8-64eed57fc218?traceInfo=cca27f84129449fea79d3a4d6e74a7d9,PT Nordspec Mandala Persada
data engineer,https://glints.com/id/opportunities/jobs/data-engineer/7f362500-c781-4941-bae9-1878806d7401?traceInfo=cca27f84129449fea79d3a4d6e74a7d9,Pensieve
data engineer,https://glints.com/id/opportunities/jobs/data-engineer/86d0daaf-a32a-484e-b4aa-11b46a983df0?traceInfo=cca27f84129449fea79d3a4d6e74a7d9,Geekgarden
management,https://glints.com/id/opportunities/jobs/talent-management/705e7bba-83e5-47e8-8775-cab9b771c5b0?traceInfo=89761b1eb071fadf9418263301da5b17,PT Pulse Media Entertaiment
management,https://glints.com/id/opportunities/jobs/event-management/ac890c10-945d-4b07-b163-2e7c3971f4ad?traceInfo=89761b1eb071fadf9418263301da5b17,Educativa Indonesia
management,https://glints.com/id/opportunities/jobs/management-assistant/b535ace3-9283-447e-9bcf-eeffcdde9765?traceInfo=89761b1eb071fadf9418263301da5b17,PT EDPMEDIA Multimitra Primanusa
human resource,https://glints.com/id/opportunities/jobs/hrd-and-hr/c8da18d1-fd3c-4933-9435-ffe5d552e5cb?traceInfo=bfdcc18bef8a101a15f2e4ab18591907,Ocean Media
human resource,https://glints.com/id/opportunities/jobs/human-resource-development-hrd/a72f1f32-5687-4c87-8b53-78045b1c63d9?traceInfo=bfdcc18bef8a101a15f2e4ab18591907,PT Pustaka Insan Madani
human resource,https://glints.com/id/opportunities/jobs/staf-hrd/41f16065-014d-426e-8bc5-fdf3adca072d?traceInfo=bfdcc18bef8a101a15f2e4ab18591907,Smart CCTV Indonesia
mobile developer,https://glints.com/id/opportunities/jobs/mobile-developer/dd03b00c-c3aa-435d-ae37-2871f2f1b55f?traceInfo=5dddfc727387a381db1149174ea87ff3,Fundo Indonesia
mobile developer,https://glints.com/id/opportunities/jobs/mobile-developer/b348595d-b298-46e3-9ffa-1afcd56ff030?traceInfo=5dddfc727387a381db1149174ea87ff3,PT Adinata Mitra Solusi
mobile developer,https://glints.com/id/opportunities/jobs/mobile-developer/29880b9b-af09-4551-bca7-ebc46b4302fb?traceInfo=5dddfc727387a381db1149174ea87ff3,PT Asta Berkah Autonomous
ai,https://glints.com/id/opportunities/jobs/ai-researcher/039e2110-3cc4-4d42-b8f1-a02643c93b8a?traceInfo=f6e1219d7bb87c91031938961d29b7c6,PT. Ebdesk Teknologi
ai,https://glints.com/id/opportunities/jobs/ai-sales-executive/32aa4b04-404b-4f0e-aaad-9ff7a943f1ae?traceInfo=f6e1219d7bb87c91031938961d29b7c6,PT Futurescale Digital Indonesia
ai,https://glints.com/id/opportunities/jobs/machine-learning-engineer/c4711a38-5661-453c-b918-16e03c969650?traceInfo=5924af4595d0d3a4f4597125b27585e4,Kecilin
artificial intelligence,https://glints.com/id/opportunities/jobs/artificial-intelligence-engineer/37d06fc3-30a5-49de-9b86-fc8455ae6a9d?traceInfo=f6e1219d7bb87c91031938961d29b7c6,PT Sigma Global Teknologi
artificial intelligence,https://glints.com/id/opportunities/jobs/artificial-intelligence-specialist/3eb4d012-c062-44da-a19e-3b604afd19d6?traceInfo=449a86785d22bae4d17948b8917ced23,PT Warna Warni Media
sales,https://glints.com/id/opportunities/jobs/sales/099e2e6b-3239-44e9-ade5-1ca835b2aa06?traceInfo=1a6360d05b924b24aabf9a25cf47247a,PT Andalan Inti Rekatama
sales,https://glints.com/id/opportunities/jobs/sales-operations-intern-talentpooling/4be95cfa-ac4a-46aa-862f-baffbc8ee342?traceInfo=1a6360d05b924b24aabf9a25cf47247a,Glints
sales,https://glints.com/id/opportunities/jobs/sales-associate/77f03b48-bde2-4c52-a707-bb85546d605f?traceInfo=1a6360d05b924b24aabf9a25cf47247a,Karya Anugerah Teknologi
finance,https://glints.com/id/opportunities/jobs/finance-accouting/a3682fb6-58af-434a-8e8f-9116362e59a3?traceInfo=5f8f0b30472cf63037d452d7ca67fb40,PT Aroma Rumah Kreatif
finance,https://glints.com/id/opportunities/jobs/accounting-and-finance/b00453d5-83eb-4b5d-85d5-7838660f947c?traceInfo=5f8f0b30472cf63037d452d7ca67fb40,DJat
finance,https://glints.com/id/opportunities/jobs/finance-and-accounting/cb1d1304-8758-48fb-afb7-efc7638ddaf8?traceInfo=5f8f0b30472cf63037d452d7ca67fb40,DC HOME
accounting,https://glints.com/id/opportunities/jobs/accounting/fcabd82d-e648-40db-b0e5-d4ce11362729?traceInfo=6cd0961bcf65c4d6c4787c026da8a3cb,PT. Five Star Indonesia
accounting,https://glints.com/id/opportunities/jobs/accounting/953461cf-1e80-4a65-a629-36f7ed068e40?traceInfo=6cd0961bcf65c4d6c4787c026da8a3cb,PT Alam Mimpi ( Bali Event Group)
accounting,https://glints.com/id/opportunities/jobs/accounting/361b77a0-0dc5-4220-8cb8-e117a0fd673b?traceInfo=6cd0961bcf65c4d6c4787c026da8a3cb,PT. Pilar Mas Abadi Denpasar
graphic designer,https://glints.com/id/opportunities/jobs/graphic-designer/9a3864b3-ea6a-48a1-9c25-cce9808e99fa?traceInfo=00a6d4be21adcc5253ba1b3ef53dfe12,PT. Berkarya Anugerah Inovasi Kreatif
graphic designer,https://glints.com/id/opportunities/jobs/graphic-designer/86a1938b-a3f9-450b-94d2-7cb2f16cceef?traceInfo=00a6d4be21adcc5253ba1b3ef53dfe12,JADDIGROUP
graphic designer,https://glints.com/id/opportunities/jobs/graphic-designer/55dc85f1-1898-43a6-8efc-30fb4b190682?traceInfo=00a6d4be21adcc5253ba1b3ef53dfe12,PRIMUSE
machine operator,https://glints.com/id/opportunities/jobs/operator-3d-machine/7b1dba83-43d1-42a8-958c-c21ba3cf6c26?traceInfo=5924af4595d0d3a4f4597125b27585e4,CV. Esa Karya Asia
machine operator,https://glints.com/id/opportunities/jobs/machine-operator-and-inspector/2b8ec3c2-b789-4359-b265-a76624c60aa5?traceInfo=5924af4595d0d3a4f4597125b27585e4,PT Tatalogam Lestari
social media,https://glints.com/id/opportunities/jobs/social-media-specialist/96ed1a55-55ec-4632-b6e4-d04cc937d04a?traceInfo=23002a760ffcacf6b822fe71e0309c35,DNAC
social media,https://glints.com/id/opportunities/jobs/social-media-specialist/3d5f35e0-c16f-417e-ae5b-db46de3ae7a9?traceInfo=23002a760ffcacf6b822fe71e0309c35,PT Hausjo Digital Pro
social media,https://glints.com/id/opportunities/jobs/social-media-strategist/b8be74fc-a002-4591-b343-f8034312f98d?traceInfo=23002a760ffcacf6b822fe71e0309c35,PT Sainsgo Karya Indonesia | Maskit Store
customer service,https://glints.com/id/opportunities/jobs/customer-service/55e487c4-dc7a-4543-b699-8d290434a6ff?traceInfo=aeb49e7ed16ef55341a4970e400ac552,Airpaz.com
customer service,https://glints.com/id/opportunities/jobs/customer-service/ea080608-6206-49ca-b9ae-b98865bc90f5?traceInfo=aeb49e7ed16ef55341a4970e400ac552,Cv Cabin Nuansa Indah
customer service,https://glints.com/id/opportunities/jobs/customer-service/72abd6ee-ea2a-458a-847c-e06d4ef1b4fb?traceInfo=aeb49e7ed16ef55341a4970e400ac552,PT. BPR Permata Dhanawira
content writer,https://glints.com/id/opportunities/jobs/content-writer/398ce8d0-e7fd-454f-a4ef-12d1b30ee5cc?traceInfo=633e7f9b6a6e426e4f000f81a8910b7c,Putri Indah Jaya
content writer,https://glints.com/id/opportunities/jobs/content-writer/b8862cd0-129b-4921-9a4b-663300e5dcb0?traceInfo=633e7f9b6a6e426e4f000f81a8910b7c,PT Surya Digital Teknologi
technical writer,https://glints.com/id/opportunities/jobs/technical-writer/841574c8-6dc1-4271-82ce-a82ebe866d22?traceInfo=633e7f9b6a6e426e4f000f81a8910b7c,Tamtech International
technical writer,https://glints.com/id/opportunities/jobs/technical-writer/6d68264c-1a6a-447d-8319-987cae059d2d?traceInfo=633e7f9b6a6e426e4f000f81a8910b7c,PT Karisma Zona Kreatifku (KAZOKKU)
it support,https://glints.com/id/opportunities/jobs/it-support/4f8ea5f7-ee8a-4915-aff3-42a1315a7a6e?traceInfo=92938e98e761cd661ac748502e225e7e,Xai Syndicate Internasional
it support,https://glints.com/id/opportunities/jobs/it-support/fb6a69d2-186c-48ac-a0d5-96bc681f3d33?traceInfo=92938e98e761cd661ac748502e225e7e,Jayadi Global Education Center
it support,https://glints.com/id/opportunities/jobs/it-support/e47df952-4e04-481d-b9a2-2da0b8c7e068?traceInfo=92938e98e761cd661ac748502e225e7e,BPR Cemara Artha Pratama
